tar_name,filepath,hash
timeseries_png_008c5274,3_visualize/out/timeseries_AK.png,d68925d1b7f34450
timeseries_png_16a35299,3_visualize/out/timeseries_AL.png,be0f10864f8413a5
timeseries_png_3bf861a8,3_visualize/out/timeseries_AR.png,02e01e7b2e3857a8
timeseries_png_8410826a,3_visualize/out/timeseries_AZ.png,0b5048cfbbd261dd
timeseries_png_50f83a7e,3_visualize/out/timeseries_CA.png,a092d54a317fd6ae
timeseries_png_03b14e90,3_visualize/out/timeseries_CO.png,d04b06d249b6f677
timeseries_png_fd8fb567,3_visualize/out/timeseries_CT.png,b8e023e40a6e18ff
timeseries_png_09515e62,3_visualize/out/timeseries_DC.png,5411dbb5cdeb7775
timeseries_png_327833d8,3_visualize/out/timeseries_DE.png,d49470ec9b511dfe
timeseries_png_f188af4c,3_visualize/out/timeseries_FL.png,274417dbc9b5d2c3
timeseries_png_4acab39d,3_visualize/out/timeseries_GA.png,b2f1845ba59cf347
timeseries_png_99f48fe2,3_visualize/out/timeseries_HI.png,9d4ce7212485c85b
timeseries_png_f9191090,3_visualize/out/timeseries_IA.png,957092863d4f648e
timeseries_png_b1475c8e,3_visualize/out/timeseries_ID.png,d514a26ec5ac9599
timeseries_png_15ebc416,3_visualize/out/timeseries_IL.png,cabc290c43cd7523
timeseries_png_71bc331c,3_visualize/out/timeseries_IN.png,7bb7572ec2786d4d
timeseries_png_dd74a89b,3_visualize/out/timeseries_KS.png,a84162a2391d0eb6
timeseries_png_cd53a80d,3_visualize/out/timeseries_KY.png,4b5a58f5bc04f2ab
timeseries_png_e74291dc,3_visualize/out/timeseries_LA.png,ae268dcb90159297
timeseries_png_2f252468,3_visualize/out/timeseries_MA.png,985379fc4bbf026f
timeseries_png_ad92f639,3_visualize/out/timeseries_MD.png,74b6a901b98d3ac2
timeseries_png_50ae22df,3_visualize/out/timeseries_ME.png,f0ec8525bccbb187
timeseries_png_d5e7339d,3_visualize/out/timeseries_MI.png,ce0c2b2b056ffcec
timeseries_png_25b12ccf,3_visualize/out/timeseries_MN.png,81a1123af5759696
timeseries_png_7c29b51b,3_visualize/out/timeseries_MO.png,7b9a9a89d49a6df2
timeseries_png_78f647e1,3_visualize/out/timeseries_MS.png,be19ceb02b992096
timeseries_png_0aef7aac,3_visualize/out/timeseries_MT.png,4c15325949b01858
timeseries_png_90f1492a,3_visualize/out/timeseries_NC.png,d9c499f51a7e37aa
timeseries_png_44cddb2a,3_visualize/out/timeseries_ND.png,9d49b37b739d7b64
timeseries_png_05da1b6b,3_visualize/out/timeseries_NE.png,fb8c931059e506a8
timeseries_png_fa039d4a,3_visualize/out/timeseries_NH.png,c162d3a3f1ff0fe5
timeseries_png_cc8ed7ac,3_visualize/out/timeseries_NJ.png,64e54e3a4cdad6d8
timeseries_png_72e949ad,3_visualize/out/timeseries_NM.png,b0f577b7eb3a1a46
timeseries_png_5a5560a5,3_visualize/out/timeseries_NV.png,c1255e52b5a17168
timeseries_png_e1cdae67,3_visualize/out/timeseries_NY.png,ed6e97123d864ef5
timeseries_png_a91fef4d,3_visualize/out/timeseries_OH.png,e29ad73f30c4a38a
timeseries_png_066f1255,3_visualize/out/timeseries_OK.png,bac24317bab5a352
timeseries_png_01953e74,3_visualize/out/timeseries_OR.png,2775bd9966962c9b
timeseries_png_8e417ed1,3_visualize/out/timeseries_PA.png,8cb0ae41fdd3351f
timeseries_png_b79e09f1,3_visualize/out/timeseries_PR.png,e087405b298ef35e
timeseries_png_e299ed2a,3_visualize/out/timeseries_RI.png,33a38db8891a130c
timeseries_png_7016d124,3_visualize/out/timeseries_SC.png,920e24fec25c1c56
timeseries_png_5109ff0e,3_visualize/out/timeseries_SD.png,ec0439541a56134e
timeseries_png_0db771cd,3_visualize/out/timeseries_TN.png,a1e012ca2081b8fd
timeseries_png_db08592d,3_visualize/out/timeseries_TX.png,c0b1638c066c63f1
timeseries_png_5dc517ca,3_visualize/out/timeseries_UT.png,04631901d169544e
timeseries_png_b070179a,3_visualize/out/timeseries_VA.png,2e4a1aa890d9d7d8
timeseries_png_989feb9a,3_visualize/out/timeseries_WA.png,fcd4098935c007be
timeseries_png_01992be9,3_visualize/out/timeseries_WI.png,21f515cf13bb9db2
timeseries_png_71720dc7,3_visualize/out/timeseries_WV.png,53726ca32c823ca0
timeseries_png_54567843,3_visualize/out/timeseries_WY.png,d1d69d524a077f5d
